                  epoch,         train/box_loss,         train/cls_loss,         train/dfl_loss,   metrics/precision(B),      metrics/recall(B),       metrics/mAP50(B),    metrics/mAP50-95(B),           val/box_loss,           val/cls_loss,           val/dfl_loss,                 lr/pg0,                 lr/pg1,                 lr/pg2
                      1,                0.97927,                 3.4646,                 1.3564,                0.60873,                0.89569,                0.88831,                 0.6223,                 1.4116,                 1.3258,                 1.2507,                      0,                      0,                      0
                      2,                 1.3627,                 2.8458,                 1.6623,                0.60105,                0.88642,                0.88791,                0.63471,                  1.454,                 1.3509,                 1.2631,             8.9547e-07,             8.9547e-07,             8.9547e-07
                      3,                 1.2941,                 3.5833,                 1.6974,                0.53666,                0.84048,                0.83161,                 0.5996,                 1.4573,                 1.3786,                 1.2748,             1.2019e-06,             1.2019e-06,             1.2019e-06
                      4,                 1.3882,                 3.7037,                 1.7305,                0.55499,                0.83333,                0.83145,                0.59765,                 1.4816,                 1.4151,                 1.2838,             9.1928e-07,             9.1928e-07,             9.1928e-07
